modèle,accuracy,precision,recall,f1-score,auc,threshold,mean_fold_scores,reduction
xgb,0.6708860759493671,0.6408918406072106,0.6024137931034483,0.6013198757763976,0.7586206896551724,0.5,0.8573737373737373,True
xgb,0.7088607594936709,0.6852272727272728,0.6686206896551724,0.6734950584007188,0.8034482758620689,0.5,0.8121212121212121,False
rf,0.7215189873417721,0.7158444022770398,0.656896551724138,0.6626552795031055,0.7482758620689655,0.5,0.8254545454545454,True
rf,0.759493670886076,0.779265873015873,0.6941379310344827,0.7048180924287119,0.7593103448275862,0.5,0.8062626262626262,False
lr,0.7341772151898734,0.7228813559322034,0.6813793103448276,0.6893840104849279,0.8351724137931035,0.5,0.8918181818181818,True
lr,0.7468354430379747,0.7671875,0.6768965517241379,0.6850079744816586,0.8379310344827585,0.5,0.8227272727272726,False
nn,0.7088607594936709,0.7181467181467182,0.7337931034482759,0.7058442609681075,0.830344827586207,0.19534724756832098,0.740952380952381,True
nn,0.7341772151898734,0.7241602067183464,0.7393103448275862,0.7255583126550869,0.7806896551724137,0.3115927511059514,0.8761904761904763,False
